Abel Guilhermino da Silva Filho,UFPE,90/4151
Adenauer Yamin,UFPEL,y/AdenauerCYamin
Adenilso Simao,ICMC/USP,24/261
Adenilton da Silva,UFPE,03/8672
Adiel Almeida Filho,UFPE,51/8647
Adilson Elias Xavier,COPPE/UFRJ,72/8017
Adolfo Neto,UTFPR,84/2417
Adriana Vivacqua,DCC/UFRJ,10/6491
Adriane Serapiao,UNESP,96/4642
Adriano Oliveira,UFPE,80/3742
Adriano Pereira,UFMG,73/6430
Adriano Veloso,UFMG,12/919
Adriao Duarte Doria Neto,UFRN,47/1020
Afonso Paiva,ICMC/USP,18/4238
Afonso Sales,PUC-RS,34/2428
Agma Traina,ICMC/USP,t/AgmaJMTraina
Alan Moraes,UFPB,121/2930
Alan Valejo,UFSCar,149/9198
Alana Da Gama,UFPE,07/11234
Alba Melo,UnB,m/AlbaCMAMelo
Alberto Castro,UFAM,61/2142
Alberto Ferreira De Souza,UFES,82/3659
Alberto Laender,UFMG,l/AHFLaender
Alberto Raposo,PUC-Rio,r/AlbertoBarbosaRaposo
Alberto Schaeffer Filho,UFRGS,89/1649
Alceu Souza Britto,PUCPR,98/5101
Alcione de Paiva Oliveira,UFV,52/7546
Aldebaro Klautau,FCT/UFPA,44/1366
Aldo von Wangenhein,UFSC,w/AldovonWangenheim
Aldri dos Santos,UFMG,85/7266
Aleardo Manacero,UNESP,27/7381
Alejandro Frery,UFAL,f/ACFrery
Alessandra Alaniz Macedo,FFCLRP/USP,m/AlessandraAMacedo
Alessandro Garcia,PUC-Rio,g/AlessandroFGarcia
Aleteia de Araujo,UnB,38/2179
Alex Garcia,IME/RJ,149/2580
Alex Sandro Gomes,UFPE,43/5447
Alex Sandro Roschildt Pinto,UFSC,97/1179
Alex Vieira,UFJF,02/4387
Alexander Robert Kutzke,UFPR,75/9680
Alexandre Correa,UNIRIO,29/79
Alexandre Delbem,ICMC/USP,92/3940
Alexandre Falcao,UNICAMP,f/AlexandreXFalcao
Alexandre Levada,UFSCar,35/3314
Alexandre Mota,UFPE,m/AlexandreMota
Alexandre Noma,UFABC,62/6454
Alexandre Passito,UFAM,57/5845
Alexandre Plastino,UFF,54/401
Alexandre Rossi Paschoal,UTFPR,223/7311
Alexandre Salles da Cunha,UFMG,18/1842
Alexandre Sena,UERJ,73/1177
Alexandre Sztajnberg,UERJ,92/4374
Alexandre Vasconcelos,UFPE,71/4614
Alexandre Zaghetto,UnB,21/4294
Alexandro Baldassin,UNESP,22/3545
Alfredo Goldman,IME/USP,g/AlfredoGoldman
Aline Andrade,UFBA,50/915
Aline Nascimento,UFF,50/3811
Aline Paes,UFF,95/4928
Aline Villavicencio,UFRGS,v/AlineVillavicencio
Alisson Vasconcelos de Brito,UFPB,35/5746
Almerindo Rehem Neto,UFBA,44/4401
Alneu de Andrade Lopes,ICMC/USP,60/5946
Altair Olivo Santin,PUCPR,38/5417
Altigran Silva,UFAM,s/ASdaSilva
Aluizio Araujo,UFPE,a/AFRAraujo
Alvaro Fazenda,UNIFESP,08/2528-1
Alvaro Moreira,UFRGS,50/3403
Amanda Meincke Melo,UFPAMPA,94/4531
Amauri Holanda de Souza Junior,IFCE,131/3352
Ana Bazzan,UFRGS,b/AnaLCBazzan
Ana Carolina Lorena,UNIFESP,97/2733
Ana Carolina Salgado,UFPE,23/6139
Ana Cristina Bicharra Garcia,UNIRIO,45/6671
Ana Cristina Vendramin,UTFPR,96/9459
Ana Karolinna Maia,UFC,68/9890
Ana Paula Couto da Silva,UFMG,47/2795
Ana Teresa Martins,UFC,59/1719
Ana de Melo,IME/USP,55/6056
Anamaria Moreira,DCC/UFRJ,17/3197
Anand Subramanian,UFPB,37/882-1
Anarosa Brandao,POLI/USP,68/870
Anderson Almeida Ferreira,UFOP,76/5325
Anderson Chaves Carniel,UFSCar,122/8350
Anderson Faustino,UEM,87/6562
Anderson Maciel,UFRGS,72/4175
Anderson Rocha Tavares,UFRGS,156/7135
Anderson Rocha,UNICAMP,81/2446
Anderson Uchoa,UFC,199/5439
Andre Backes,UFU,72/1363
Andre Coelho,UNIFOR,c/AndreLVCoelho
Andre Drummond,UnB,72/6853
Andre Endo,UFSCar,55/7526
Andre Freire,UFLA,32/6218
Andre Fujita,IME/USP,77/7012
Andre Grahl Pereira,UFRGS,17/8199
Andre Gregio,UFPR,115/4570
Andre Gustavo dos Santos,UFV,84/525
Andre Hochuli,PUCPR,47/5891
Andre Hora,UFMG,54/7440
Andre Inacio Reis,UFRGS,29/1197
Andre Kashiwabara,UTFPR,155/2609
Andre Luis Vignatti,UFPR,163/8277
Andre Luiz Lins de Aquino,UFAL,13/5158
Andre Luiz Pires Guedes,UFPR,88/5206
Andre Luiz da Costa Carvalho,UFAM,76/6388
Andre Maidl,PUCPR,98/1959
Andre Ponce de Leon Carvalho,ICMC/USP,c/ACPLFdCarvalho
Andre Raabe,UNIVALI,85/2030
Andre Rauber du Bois,UFPEL,21/3472
Andre Renato Sales Amaral,UFES,92/3519
Andre Renato Villela da Silva,UFF,67/7433
Andre Rossi,UNESP,86/4146
Andre Santanche,UNICAMP,72/3424
Andre Santos,UFPE,s/AndreSantos
Andre Schneider de Oliveira,UTFPR,160/1451
Andrea Bianchi,UFOP,56/8906
Andreia Liborio,UFC,202/2797
Andreia Malucelli,PUCPR,82/191
Andrey Brito,UFCG,25/4955
Andrey Pimentel,UFPR,70/2041
Andson Marreiros Balieiro,UFPE,140/1381
Anelise Munaretto,UTFPR,09/2276
Angelo Brayner,UFC,b/AngeloBrayner
Anisio Lacerda,UFMG,90/844
Anjolina Oliveira,UFPE,86/2344
Anna Costa,POLI/USP,r/AnnaHelenaRealiCosta
Anne Canuto,UFRN,c/AnneMPCanuto
Anselmo Cardoso de Paiva,UFMA,p/AnselmoCardosodePaiva
Anselmo Montenegro,UFF,21/6489
Antonio Abelem,UFPA,16/7815
Antonio Alfredo Ferreira Loureiro,UFMG,l/AntonioAlfredoFerreiraLoureiro
Antonio Apolinario,UFBA,117/8406
Antonio Augusto Medeiros Frohlich,UFSC,43/6521
Antonio Augusto de Aragao Rocha,UFF,209/2422
Antonio Carlos Schneider Beck,UFRGS,02/7021
Antonio Furtado,PUC-Rio,f/AntonioLFurtado
Antonio Miguel Vieira Monteiro,INPE,58/3439
Antonio Sementille,UNESP,86/1502
Antonio Tadeu Gomes,LNCC,96/1748
Antonio de Oliveira,COPPE/UFRJ,o/AntonioAFOliveira
Aparecido Marana,UNESP,36/1416
Ariadne Carvalho,UNICAMP,05/4617
Arilo Dias Neto,UFAM,27/11253
Arnaldo Araujo,UFMG,a/ArnaldodeAlbuquerqueAraujo
Arnaldo Moura,UNICAMP,61/669
Arthur Francisco Lorenzon,UFRGS,160/4663
Artur Ziviani,LNCC,47/772
Arturo Hernandez-Dominguez,UFAL,95/3261
Asla Medeiros,FGV,33/5048
Augusto Jose Venancio Neto,UFRN,88/6376
Augusto Sampaio,UFPE,s/AugustoSampaio
Aura Conci,UFF,c/AuraConci
Auri Vincenzi,UFSCar,05/4141
Aurora Pozo,UFPR,p/AuroraPozo
Avelino Zorzo,PUC-RS,z/AvelinoFZorzo
Awdren Fontao,UFMS,168/6211
Ayla Dantas,UFPB,46/536
Baldoino Fonseca,UFAL,22/7095
Benjamin Bedregal,UFRN,32/3731
Bernadette Loscio,UFPE,51/6689
Bernardo Pereira Nunes,PUC-Rio,08/10894
Berthier Ribeiro,UFMG,r/BerthierARibeiroNeto
Bianchi Meiguins,UFPA,30/3961
Breno Bernard Nicolau de Franca,UNICAMP,122/4837
Breno Miranda,UFPE,119/0420
Bruno Cafeo,UNICAMP,46/10082
Bruno Cartaxo,IFPE,144/8274
Bruno Carvalho,UFRN,92/5191
Bruno Castro da Silva,UFRGS,75/3139
Bruno Costa e Silva Nogueira,UFAL,26/440
Bruno Feijo,PUC-Rio,36/3530
Bruno Gadelha,UFAM,77/7361
Bruno Grisci,UFRGS,173/4128
Bruno Guazzelli Batista,UNIFEI,136/5505
Bruno Jefferson Pessoa,UFPB,128/5727
Bruno Kimura,UNIFESP,36/804
Bruno Lopes Dalmazo,FURG,50/8505
Bruno Luiggi Macchiavello Espinoza,UNB,55/2932
Bruno Nogueira,UFMS,73/991
Bruno Pereira dos Santos,UFBA,163/8922
Bruno Petrato Bruck,UFPB,117/4692
Bruno Queiroz Pinto,IFTM,225/5123
Bruno Santana,UFRN,85/4056
Bruno Schulze,LNCC,27/729
Bruno Souza,UFMA,60/29
Bruno Travencolo,UFU,63/5088
Bruno Zatt,UFPEL,33/2753
Caetano Traina,ICMC/USP,t/CaetanoTrainaJr
Camilo Almendra,UFC,252/8867
Camilo Dorea,UnB,29/6012
Carina Dorneles,UFSC,74/2312
Carina Frota Alves,UFPE,93/9961
Carla Bezerra,UFC,09/5610
Carla Delgado,DCC/UFRJ,51/3466
Carla Freitas,UFRGS,f/CarlaMDSFreitas
Carla Leitao,PUC-Rio,35/5720
Carla Osthoff,LNCC,76/6443
Carla Rocha,UnB,248/8311
Carla Rodriguez,UFABC,168/2764
Carla Taciana,UFPE,06/4462
Carla Westphall,UFSC,w/CarlaMerkleWestphall
Carlos Alberto Vieira Campos,UNIRIO,83/4679
Carlos Alberto da Silva,UFMS,168/9632
Carlos Alberto de Jesus Martinhon,UFF,99/10
Carlos Alexandre Barros de Mello,UFPE,48/6569
Carlos Augusto Martins,PUC Minas,00/5521
Carlos Becker Westphall,UFSC,b/CarlosBeckerWestphall
Carlos Eduardo Santos Pires,UFCG,59/4336
Carlos Eduardo da Silva,UFRN,78/7056
Carlos Ferraz,UFPE,31/2870
Carlos Ferreira,IME/USP,46/263
Carlos Fisch Brito,UFC,98/5920
Carlos Henrique Costa Ribeiro,ITA,22/5107
Carlos Kamienski,UFABC,74/2714
Carlos Lima,UFCA,137/5112
Carlos Lopes,UFU,87/2415
Carlos Lucena,PUC-Rio,l/CarlosJosePereiradeLucena
Carlos Maziero,UFPR,m/CarlosMaziero
Carlos Olarte,UFRN,o/CarlosOlarte
Carlos Silla,PUCPR,38/3598
Carmem Hara,UFPR,26/3914
Cassio Prazeres,UFBA,06/710
Cecilia Rubira,UNICAMP,80/5752
Celia Ralha,UnB,09/2442
Celina de Figueiredo,COPPE/UFRJ,09/5415
Celio Vinicius Neves de Albuquerque,UFF,40/809
Celmar Guimaraes da Silva,UNICAMP,86/1791
Celso Kaestner,UTFPR,53/5358
Celso Massaki Hirata,ITA,h/CelsoMassakiHirata
Celso Ribeiro,UFF,26/4167
Celso Saibel Santos,UFES,s/CelsoAlbertoSaibelSantos
Cesar Augusto Fonticielha De Rose,PUC-RS,95/5199
Cesar Augusto Marcon,PUC-RS,13/6510
Cesar Comin,UFSCar,85/10263
Cesar Lincoln Mattos,UFC,150/2808
Cesar Pozzer,UFSM,69/4107
Cesar Tacla,UTFPR,75/4008
Christian Rothenberg,FEEC/UNICAMP,70/2654
Christiane Brasil,UFU,11/8671
Christiane Neme Campos,UNICAMP,65/1977
Christiane von Wangenheim,UFSC,w/ChristianeGressevonWangenheim
Christiano Braga,UFF,b/ChristianoBraga
Christina Chavez,UFBA,c/ChristinavonFlachGChavez
Cid Carvalho de Souza,UNICAMP,42/819
Clarisse de Souza,PUC-Rio,09/2802
Claudia Bauzer Medeiros,UNICAMP,m/CBMedeiros
Claudia Cappelli,UNIRIO,20/5813
Claudia Lage Rebello da Motta,NCE/UFRJ,19/3129
Claudia Linhares Sales,UFC,08/5881
Claudia Nalon,UnB,61/6528
Claudia Werner,COPPE/UFRJ,w/CMLWerner
Claudine Badue,UFES,12/97
Claudio Amorim,COPPE/UFRJ,05/439
Claudio Campelo,UFCG,77/3901
Claudio Esperanca,COPPE/UFRJ,68/813
Claudio Geyer,UFRGS,b/ClaudioFernandoResinGeyer
Claudio Jung,UFRGS,07/5754
Claudio Machado Diniz,UFRGS,27/1742
Claudio SantAnna,UFBA,64/4218
Claudio Toledo,ICMC/USP,07/5259
Claudio de Souza Baptista,UFCG,b/ClaudiodeSouzaBaptista
Claudomiro Sales,UFPA,181/6614
Claudson Bornstein,DCC/UFRJ,93/6594
Cleber Zanchettin,UFPE,75/5629
Cleidson Souza,UFPA,29/7640
Clodis Boscarioli,UNIOESTE,97/993
Clodoaldo Lima,EACH/USP,34/4377
Clodoveu Davis,UFMG,d/ClodoveuADavis
Creto Vidal,UFC,85/3970
Cristian Cechinel,UFPEL,50/8769
Cristiana Bentes,UERJ,b/CristianaBentes
Cristiano Arbex Valle,UFMG,21/2276
Cristiano Bonato Both,Unisinos,07/2040
Cristiano Costa,Unisinos,14/3505
Cristiano Maciel da Silva,UFSJ,147/1083
Cristiano Maciel,UFMT,62/5474
Cristina Boeres,UFF,89/6061
Cristina Ciferri,ICMC/USP,13/4069
Cristina Fernandes,IME/USP,58/4840
Cristina Meinhardt,FURG,38/1116
Cristina Nader Vasconcelos,UFF,37/135
Dalton Guerrero,UFCG,g/DaltonSereyGuerrero
Daltro Nunes,UFRGS,15/1379
Dalvan Griebler,PUC-RS,135/0603
Daniel Batista,IME/USP,20/833
Daniel Carlos Guimaraes Pedronette,UNESP,49/1183
Daniel Carvalho da Cunha,UFPE,203/8737
Daniel Cordeiro,EACH/USP,50/6986
Daniel Fernandes Macedo,UFMG,74/2460
Daniel Figueiredo,COPPE/UFRJ,46/4473
Daniel Fireman,IFAL,45/6617
Daniel Guidoni,UFSJ,86/4704
Daniel Kaster,UEL,k/DanielSKaster
Daniel Lucredio,UFSCar,74/3613
Daniel Menasche,DCC/UFRJ,44/4915
Daniel Morgato Martin,UFABC,27/8050
Daniel Osaku,UFSCar,77/10105
Daniel Paiva,UFF,152/5755
Daniel Schwabe,PUC-Rio,s/DanielSchwabe
Daniel Weingaertner,UFPR,94/5519
Daniel de Oliveira,UFF,68/7553-1
Daniel de Paula Porto,UnB,44/7096
Daniela Barreiro Claro,UFBA,86/2938
Daniela Trevisan,UFF,t/DanielaGorskiTrevisan
Danilo Barbosa Coimbra,UFBA,11/9477
Danilo Hernane Spatti,ICMC/USP,49/5394
Danilo Sanches,UTFPR,202/9057
Dante Augusto Couto Barone,UFRGS,25/6710
Dario Aloise,UERN,80/297
Davi Viana,UFMA,117/5583
David Martins,UFABC,89/3723
David Menotti,UFPR,10/2834
David Moises Santos,UEFS,146/0005
Davidson Cury,UFES,157/9229
Debora Maria Barroso Paiva,UFMS,11/6879
Debora Muchaluat Saade,UFF,21/5891
Debora Nascimento,UFS,38/6789
Denilson Pereira,UFLA,156/4573
Denis Fernando Wolf,ICMC/USP,97/3033
Denis Maua,IME/USP,53/10263
Denis Rosario,UFPA,61/7821
Denise Goya,UFABC,164/3322
Denise Stringhini,UNIFESP,88/2471
Dennis Giovani Balreira,UFRGS,208/7522
Diana Adamatti,FURG,87/4374
Diana Sasaki Nobrega,UERJ,03/9926
Diego Amancio,ICMC/USP,72/10670
Diego Antunes,UTFPR,45/10090
Diego Dermeval,UFAL,50/365
Diego Gimenez Passos,UFF,47/4581
Diego Mesquita,FGV,163/4293
Diego Silva,ICMC/USP,124/2376
Dilson Lucas Pereira,UFLA,80/4607
Dilvan Moreira,ICMC/USP,89/2110
Dinani Amorim,UEBA,80/2986
Divanilson Campelo,UFPE,76/5873
Djamel Sadok,UFPE,s/DjamelSadok
Dorgival Guedes,UFMG,n/DorgivalOlavoGuedesNeto
Douglas Guimaraes Macharet,UFMG,23/7609
Douglas Rodrigues,UFSCar,43/10170
Duncan Ruiz,PUC-RS,22/1939
Eanes Torres Pereira,UFCG,50/4906
Ecivaldo de Souza Matos,UFBA,78/3190
Eder Mateus Goncalves,FURG,58/4651
Edison Pignaton de Freitas,UFRGS,96/3201
Edjair Mota,UFAM,91/6974
Edleno de Moura,UFAM,m/EdlenoSilvadeMoura
Edmundo Madeira,UNICAMP,m/EdmundoRobertoMauroMadeira
Edmundo de Souza e Silva,COPPE/UFRJ,96/5137
Edna Barros,UFPE,48/6034
Edna Dias Canedo,UnB,118/8796
Edson Borin,UNICAMP,55/608
Edson Caceres,UFMS,c/EdsonCaceres
Edson Emilio Scalabrin,PUCPR,06/5416 
Edson Matsubara,UFMS,66/2176
Edson OliveiraJr,UEM,04/2051
Edson Pimentel,UFABC,08/2464
Edson Prestes e Silva,UFRGS,38/4107
Eduardo Alchieri,UnB,06/2528
Eduardo Almeida,UFBA,a/EduardoSantanadeAlmeida
Eduardo Antonio Guimaraes Tavares,UFPE,t/EduardoTavares
Eduardo Aranha,UFRN,31/1490
Eduardo Candido Xavier,UNICAMP,00/4728
Eduardo Cerqueira,FCT/UFPA,18/4139
Eduardo Cunha de Almeida,UFPR,53/2190
Eduardo Feitosa,UFAM,37/8061
Eduardo Figueiredo,UFMG,03/335
Eduardo Gastal,UFRGS,71/8697
Eduardo Nakamura,UFAM,86/0
Eduardo Nunes Borges,FURG,33/4798
Eduardo Ogasawara,CEFET-RJ,24/788
Eduardo Sany Laber,PUC-Rio,49/5557
Eduardo Souto,UFAM,84/1320
Eduardo Todt,UFPR,91/2657
Eduardo Viegas,PUCPR,120/2495-1
Edward Hermann Haeusler,PUC-Rio,93/6371
Edward Moreno,UFS,m/EdwardDMoreno
Eiji Adachi Barbosa,IMD/UFRN,47/10086
Elaine Oliveira,UFAM,193/1016
Elaine Pimentel,UFRN,53/5809
Elaine Ribeiro de Faria,UFU,79/1997
Elaine Sousa,ICMC/USP,91/5321
Elaine Venson,UnB,177/4516
Elder Cirilo,UFSJ,49/1805
Eliane Martins,UNICAMP,35/5134
Eliane Pozzebon,UFSC,57/4546
Elias Duarte,UFPR,02/3940
Elisa Yumi Nakagawa,ICMC/USP,67/5214
Elizabeth Furtado,UNIFOR,55/6805
Elizabeth Goldbarg,UFRN,g/EFGouveaGoldbarg
Elizabeth Wanner,CEFET-MG,63/1340
Ellen Barbosa,ICMC/USP,66/2060
Elmar Melcher,UFCG,60/6732
Eloi Favero,UFPA,81/5925
Emanuel Bezerra Rodrigues,UFC,236/3772
Emanuel Felipe Duarte,UNICAMP,167/3421
Emanuel da Silva Diaz Estrada,FURG,294/6256
Emanuele Santos,UFC,42/3050
Emerson Carlos Pedrino,UFSCar,76/8293
Emerson Paraiso,PUCPR,33/4345
Emilio Francesquini,UFABC,121/4593
Enyo Goncalves,UFC,180/8353
Eric Fernandes de Mello Araujo,UFLA,185/8638
Erickson Rangel do Nascimento,UFMG,92/7785
Erika Cota,UFRGS,c/ErikaFCota
Ernesto Birgin,IME/USP,21/829
Esteban Clua,UFF,59/5772
Estevam Hruschka,UFSCar,294/1598
Esther Luna Colombini,UNICAMP,63/6586
Eunice Nunes,UFMT,56/8926
Evandro Costa,UFAL,04/6610
Everton Alves,UFCG,34/7512
Ezequiel Roberto Zorzal,UNIFESP,42/6370
Fabiane Barreto Vavassori Beniti,UFSC,58/10759
Fabiano Dorca,UFU,10/4098
Fabiano Ferrari,UFSCar,48/5007
Fabiano Passuelo Hessel,PUC-RS,33/5648
Fabiano Silva,UFPR,78/6175
Fabio Augusto Faria,UNIFESP,10/10071
Fabio Botler,IME/USP,169/9872
Fabio Cappabianco,UNIFESP,22/6341
Fabio Costa,UFG,01/6284
Fabio Cozman,POLI/USP,g/FabioGagliardiCozman
Fabio Gomes Rocha,UNIT,246/8332
Fabio Kon,IME/USP,k/FabioKon
Fabio Luiz Usberti,UNICAMP,37/7058
Fabio Mascarenhas,DCC/UFRJ,80/5193
Fabio Porto,LNCC,p/FabioPorto
Fabio Protti,UFF,61/2851
Fabio Q. B. da Silva,UFPE,66/5081
Fabio Verdi,UFSCar,40/654
Fabiola Greve,UFBA,16/2607
Fabiola Nakamura,UFAM,15/39
Fabiola Pereira,UFU,16/1502
Fabricio Benevenuto,UFMG,90/2878
Fabricio Breve,UNESP,70/3284
Fabricio Enembreck,PUCPR,90/6263
Fabricio Martins Lopes,UTFPR,32/4623
Fabricio Murai,UFMG,30/9221
Fabricio Olivetti de Franca,UFABC,92/5258
Fatima Duarte Figueiredo,PUC Minas,50/5327
Fatima Nunes,EACH/USP,87/8751
Felipe Franca,COPPE/UFRJ,f/FelipeMaiaGalvaoFranca
Felipe Gomes de Oliveira,UFAM,211/8209
Felipe Louza,UFU,30/9961
Felipe Meneguzzi,PUC-RS,10/985
Felipe de Souza Marques,UFPEL,28/3459
Fernanda Alencar,UFPE,31/5316
Fernanda Baiao,UNIRIO,b/FAraujoBaiao
Fernanda Campos,UFJF,30/3085
Fernanda Kastensmidt,UFRGS,l/FGdLimaKastensmidt
Fernanda Lima,UnB,20/5847
Fernanda Madeiral,UFPE,156/1916
Fernando Dotti,PUC-RS,22/512
Fernando Figueira Filho,UFRN,27/902
Fernando Gehm Moraes,PUC-RS,m/FernandoGehmMoraes
Fernando Maciano de Paula Neto,UFPE,174/3576
Fernando Marson,Unisinos,82/9315
Fernando Osorio,ICMC/USP,00/5455
Fernando Paulovich,ICMC/USP,63/3726
Fernando Pereira,UFMG,p/FMQPereira
Fernando Trinta,UFC,126/6814
Fernando Von Zuben,FEEC/UNICAMP,76/1954
Filipe Calegario,UFPE,145/4681
Filipe Saraiva,UFPA,150/4160
Flavia Bernardini,UFF,88/5413
Flavia Delicato,DCC/UFRJ,88/4289
Flavia Santoro,UNIRIO,33/6173
Flavio Figueiredo,UFMG,98/7536
Flavio Keidi Miyazawa,UNICAMP,m/FlavioKeidiMiyazawa
Flavio Silva,UFU,02/979
Flavio Soares Correa da Silva,IME/USP,52/550
Flavio de Barros Vidal,UnB,58/3882
Francicleber Ferreira,UFC,92/87
Francisco Heron de Carvalho,UFC,32/1402
Francisco Jose Monaco,ICMC/USP,78/599
Francisco Sant'Anna,UERJ,16/7375
Francisco Tenorio de Carvalho,UFPE,65/6740
Francisco Vilar Brasileiro,UFCG,b/FranciscoVilarBrasileiro
Frank Siqueira,UFSC,32/5988
Fred Freitas,UFPE,94/2962
Frederico Durao,UFBA,22/4396
Frederico Gadelha Guimaraes,UFMG,04/4216
Gabriel Coutinho,UFMG,173/4609
Gabriel Luca Nazar,UFRGS,18/9853
Gabriel Silva,DCC/UFRJ,99/10450
Gabriel de Oliveira Ramos,Unisinos,133/2299
Geber Ramalho,UFPE,13/3685
Gecynalda Gomes,UFBA,121/2513
Genaina Rodrigues,UnB,34/64
George Cavalcanti,UFPE,57/458
George Lima,UFBA,07/2481
George Teodoro,UFMG,78/87
Geraldo Pereira Rocha Filho,UnB,141/9518
Geraldo Robson Mateus,UFMG,20/1803
Gerberth Adin Ramirez Rivera,UNICAMP,85/9834
Germana Nobrega,UnB,17/1217
Germano Vasconcelos,UFPE,68/801
Gerson Geraldo Cavalheiro,UFPEL,c/GGHCavalheiro
Gerson Zaverucha,COPPE/UFRJ,53/3165
Giancarlo Guizzardi,UFES,11/78
Gilberto Camara,INPE,76/5209
Gilberto Farias de Souza Filho,UFPB,121/8737
Gilberto Medeiros Ribeiro,UFMG,74/9429
Gilson Giraldi,LNCC,05/6423
Gina Maira Oliveira,UFU,87/6472
Giordano Cabral,UFPE,51/2005
Gisele Pappa,UFMG,59/701
Giseli Lopes,DCC/UFRJ,21/8385
Gladston Moreira,UFOP,52/9358
Glauco Carneiro,UNIFACS,93/3808
Gleison Santos,UNIRIO,78/2800
Gracaliz Dimuro,FURG,79/36
Guido Araujo,UNICAMP,a/GuidoAraujo
Guilherme Avelino,UFPI,167/4627
Guilherme Cavalcanti,IFAL,170/6113
Guilherme Maia,UFMG,97/7509
Guilherme Oliveira Mota,IME/USP,204/5903
Guilherme Pimentel Telles,UNICAMP,71/2226
Guilherme Ribeiro Correa,UFPEL,14/8181
Guilherme Sousa Bastos,UNIFEI,166/2034
Guilherme Travassos,COPPE/UFRJ,t/GuilhermeTravassos
Guilherme de Castro Mendes Gomes,UFMG,121/4247
Gustavo Batista,ICMC/USP,85/1649
Gustavo Carvalho,UFPE,44/3540
Gustavo Figueiredo,UFBA,118/4005
Gustavo Gimenez Lugo,UTFPR,l/GustavoGimenezLugo
Gustavo Pavani,UFABC,79/2008
Gustavo Pessin,ITV,59/7537
Gustavo Pinto,UFPA,36/11116-1
Haniel Barbosa,UFMG,116/5052
Hansenclever Bassani,UFPE,93/6335
Haroldo Gambini Santos,UFOP,86/1473
Hector Azpurua,UFMG,156/6854
Heiko Hornung,UNICAMP,32/9821
Heitor Costa,UFLA,42/7676
Heitor Ramos,UFMG,36/7384
Heitor Silverio Lopes,UTFPR,l/HeitorSilverioLopes
Helena Caseli,UFSCar,15/2653
Helida Salles Santos,FURG,74/4379
Helio Crestana Guardia,UFSCar,53/1466
Helio Lopes,PUC-Rio,25/6137
Helio Pedrini,UNICAMP,60/2361
Heloisa Camargo,UFSCar,28/2620
Henrique Becker,UFRGS,180/6136
Henrique Cota de Freitas,PUC Minas,13/4670
Henrique Fernandes,UFU,62/561
Henrique Mongelli,UFMS,12/2927
Henrique Rebelo,UFPE,27/5017
Hermano Moura,UFPE,03/6598
Hermes Senger,UFSCar,23/4124
Herve Yviquel,UNICAMP,21/10574
Higor Amario de Souza,UNESP,139/7050
Hilder Vitor Lima Pereira,UNICAMP,273/2369
Horacio Hideki Yanasse,UNIFESP,42/2992
Horacio Oliveira,UFAM,14/5675
Hudson Borges,UFMS,119/0140
Hugo Fuks,PUC-Rio,21/5671
Humberto Marques,PUC Minas,49/2329
Humberto Rezente,UFU,86/470
Hyggo Almeida,UFCG,76/859
Ig Ibert Bittencourt,UFAL,11/2860
Igor Machado Coelho,UERJ,89/8466
Igor Moraes,UFF,32/6032
Igor Wiese,UTFPR,06/10439
Ingrid Monteiro,UFC,92/9821
Ingrid Oliveira,UFRGS,48/5352
Isabel Harb Manssour,PUC-RS,38/6192
Isabel Nunes,UFRN,151/4297
Isabel Rosseti,UFF,42/6628
Isabela Gasparini,UDESC,83/667
Islene Garcia,UNICAMP,28/3853
Italo Cunha,UFMG,80/186
Ivan Machado,UFBA,33/9369
Jacir Bordim,UnB,23/5009
Jacob Scharcanski,UFRGS,s/JacobScharcanski
Jacques Wainer,UNICAMP,73/4164
Jaelson Castro,UFPE,c/JBdCastro
Jairo Panetta,ITA,39/5694
Jamilson Dantas,UFPE,123/2647
Janio Carlos Nascimento Silva,IFTO,273/2402
Jano Moreira de Souza,COPPE/UFRJ,m/JMoreiradeSouza
Javam Machado,UFC,12/3896
Jayme Szwarcfiter,COPPE/UFRJ,74/1053
Jean Martina,UFSC,24/765
Jean Paul Barddal,PUCPR,148/4305
Jeferson Campos Nobre,UFRGS,78/7495
Jefersson dos Santos,UFMG,53/900
Jefferson Magalhaes,UFPA,88/2496
Jefferson Souza,UFU,72/7359
Jeroen Graaf,UFMG,27/6925
Jessyka Vilela,UFPE,132/6555
Jesus Mena Chalco,UFABC,86/8870
Jo Ueyama,ICMC/USP,68/1201
Joao Alcantara,UFC,216/2517
Joao Arthur Brunet,UFCG,41/4431
Joao Bertini,FT/UNICAMP,25/2752
Joao Bosco Ferreira Filho,UFC,85/2495
Joao Cesar Netto,UFRGS,49/10578
Joao Comba,UFRGS,c/JoaoLuizDihlComba
Joao Eduardo Ferreira,IME/USP,69/279
Joao Eduardo Montandon,UFMG,128/2576
Joao Fabro,UTFPR,02/6407
Joao Gluz,Unisinos,55/3847
Joao Luis Garcia Rosa,ICMC/USP,11/3835
Joao Marcos de Almeida,UFRN,00/3290-1
Joao Meidanis,UNICAMP,/m/JoaoMeidanis
Joao Paixao,DCC/UFRJ,60/10141
Joao Paulo Almeida,UFES,91/3408
Joao Paulo Gois,UFABC,61/6783
Joao Paulo Papa,UNESP,96/3441
Joao Paulo Pordeus Gomes,UFC,163/4376
Joao Paulo Silva do Monte Lima,UFRPE,139/8825
Joaquim Cavalcante,UFC,66/895
Joaquim Celestino,UECE,97/7714
Joel Luis Carbonera,UFRGS,121/5033
Joel Rodrigues,Inatel,25/3419
Johnny Marques,ITA,128/9841
Joice Otsuka,UFSCar,94/1828
Jomi Hubner,UFSC,h/JomiFredHubner
Jonatas Wehrmann, PUC-Rio,189/4618
Jonathan de Andrade Silva,UFMS,31/1395
Joni da Silva Fraga,DAS/UFSC,257/5489
Jonice Oliveira,DCC/UFRJ,o/JoniceOliveira
Jorge Audy,PUC-RS,65/674
Jorge Luis Victoria Barbosa,Unisinos,72/3050
Jorge Stolfi,UNICAMP,20/5139
Jose Alfredo Ferreira Costa,UFRN,51/4829
Jose Antonio Fernandes de Macedo,UFC,f/JAFernandesdeMacedo
Jose Augusto Baranauskas,FFCLRP/USP,50/5944
Jose Carlos Maldonado,ICMC/USP,28/2292
Jose Fernando Rodrigues Junior,ICMC/USP,r/JoseFernandoRodriguesJr
Jose Ferreira de Rezende,COPPE/UFRJ,r/JoseFerreiradeRezende
Jose Francisco Netto,UFAM,152/1696
Jose Guilherme Santa Rosa,UFRN,131/9179
Jose Gustavo Paiva,UFU,40/10398
Jose Luis Guntzel,UFSC,04/3287
Jose Marcos Nogueira,UFMG,n/JoseMarcosSNogueira
Jose Maria David,UFJF,63/4089
Jose Maria Monteiro,UFC,92/1818
Jose Neuman de Souza,UFC,02/4334
Jose Palazzo de Oliveira,UFRGS,o/JosePalazzoMoreiradeOliveira
Jose Remo Brega,UNESP,76/2398
Jose Rodrigo Azambuja,UFRGS,21/1296
Jose Suruagy Monteiro,UFPE,76/2855
Jose Viterbo,UFF,15/374
Jose de Souza,UFC,59/1568
Juan Colonna,UFAM,118/5111
Judith Kelner,UFPE,10/1554
Juliana Alves Pereira,PUC-Rio,139/6642
Juliana Bueno,UFPR,56/2304
Juliana Freitag Borin,UNICAMP,82/3568
Juliana Kaizer Vizzotto,UFSM,21/1450
Juliana Valerio,DCC/UFRJ,51/9754
Juliano Iyoda,UFPE,72/4526
Juliano Wickboldt,UFRGS,71/7494
Julio Cesar Nievola,PUCPR,62/6863
Julio Cesar Stacchini de Souza,UFF,184/9658
Julio Cezar Estrella,ICMC/USP,19/3166
Julio Dos Reis,UNICAMP,71/7193
Julio Leite,PUC-Rio,l/JCSdoPradoLeite
Julio Lopez Hernandez,UNICAMP,/l/JulioLopezHernandez
Junia Coutinho Anacleto Silva,UFSCar,a/JuniaCoutinhoAnacletoSilva
Junior Barrera,IME/USP,96/271
Jurandy Almeida,UFSCar,30/2806
Jussara Almeida,UFMG,34/5480
Kalinka Castelo Branco,ICMC/USP,05/5676
Kamila Rodrigues,ICMC/USP,135/0936
Karin Becker,UFRGS,00/3080
Karina Mochetti,UFF,72/7881
Karina Valdivia Delgado,IME/USP,30/6146
Kate Revoredo,UNIRIO,67/1904
Katia Guimaraes,UFPE,42/3384
Katia Romero Felizardo,UTFPR,53/8384
Kecia Ferreira,CEFET-MG,121/2557
Kelen Vivaldini,UFSCar,48/9968
Kelvin Lopes Dias,UFPE,09/4470
Kiev Gama,UFPE,46/3866
Kleinner Farias,Unisinos,49/7937
Laercio Pilla,UFSC,75/2582
Lais do Nascimento Salvador,UFBA,03/3287
Lasaro Camargos,UFU,54/1243
Laura Bahiense,COPPE/UFRJ,21/2237
Laura Sanchez Garcia,UFPR,58/488
Laurence Amaral,UFU,09/8570
Leandro Balby Marinho,UFCG,59/4973
Leandro Dias da Silva,UFAL,00/2389
Leandro Fernandes,UFF,48/5542
Leandro Krug Wives,UFRGS,w/LeandroKrugWives
Leandro Maciel Almeida,UFPE,21/6701
Leandro Marzulo,UERJ,61/997
Leandro Silva Galvao de Carvalho,UFAM,48/91
Leandro Villas,UNICAMP,64/7382
Lehilton Pedrosa,UNICAMP,117/0708
Leila Ribeiro,UFRGS,r/LeilaRibeiro
Leliane Nunes de Barros,IME/USP,51/6275
Leobino Sampaio,UFBA,56/3926
Leonardo Barbosa Oliveira,UFMG,22/175
Leonardo Cunha de Miranda,UFRN,78/137
Leonardo Fernandes,IFAL,207/7225
Leonardo Montecchi,UNICAMP,30/2196
Leonardo Murta,UFF,25/3645
Leonardo Ramos Emmendorfer,FURG,91/29
Leonardo Torok,UFF,156/7125
Leonardo da Rocha,UFSJ,89/1792
Leonelo Almeida,UTFPR,15/289
Leonidas Brandao,IME/USP,22/6910
Leopoldo Teixeira,UFPE,62/8372
Leticia Peres,UFPR,72/593
Leticia Rittner,FEEC/UNICAMP,36/2977
Leticia dos Santos Machado,UFRGS,145/7688
Levi Lelis,UFV,82/7788
Li Weigang,UnB,l/WeigangLi
Liane Tarouco,UFRGS,20/369
Lidio Mauro Lima de Campos,UFPA,24/11213
Lilian Berton,UNIFESP,48/8572
Liliane Machado,UFPB,59/735
Lina Garces,UNIFEI,165/9276
Lincoln Rocha,UFC,31/6913
Linnyer Ruiz,UEM,76/825
Liria Sato,POLI/USP,94/109
Lisandra Fontoura,UFSM,57/1983
Lisandro Zambenedetti Granville,UFRGS,52/4475
Loana Tito Nogueira,UFF,79/4445
Loic Cerf,UFMG,43/3578
Lucas Ferrari de Oliveira,UFPR,82/1492
Lucas Francisco da Matta Vegi,UFV,32/10803
Lucas Schnorr,UFRGS,57/3743
Lucas Wanner,UNICAMP,w/LucasFranciscoWanner
Lucelene Lopes,PUC-RS,87/8008
Luci Pirmez,NCE/UFRJ,32/4359
Lucia Catabriga,UFES,130/0787
Lucia Drummond,UFF,41/2824
Lucia Maziero,PUCPR,78/1535
Luciana Buriol,UFRGS,b/LucianaSBuriol
Luciana Foss,UFPEL,24/37
Luciana Lourdes Silva,IFMG,93/9384
Luciana Porcher Nedel,UFRGS,60/2597
Luciana Rech,UFSC,30/3196
Luciana Salgado,UFF,15/7693
Luciana Zaina,UFSCar,71/8694
Luciano Araujo,EACH/USP,97/6041
Luciano Barbosa,UFPE,80/468
Luciano Digiampietri,EACH/USP,09/6587
Luciano Gaspary,UFRGS,g/LPGaspary
Luciano Oliveira,UFBA,79/3141
Luciano Silva,UFPR,69/2301
Lucidio Formiga Cabral,UFPB,92/2618
Lucila Ishitani, PUC Minas,67/564
Lucineia Heloisa Thom,UFRGS,29/181
Lucio Mauro Duarte,UFRGS,53/6206
Luerbio Faria,UERJ,62/1933
Luidi Simonetti,COPPE/UFRJ,24/7061
Luigi Carro,UFRGS,25/5214
Luis Antonio Kowada,UFF,54/4829
Luis Carlos De Bona,UFPR,78/3197
Luis Fabricio Goes,PUC Minas,49/3151
Luis Gustavo Nonato,ICMC/USP,59/17
Luis Henrique Costa,COPPE/UFRJ,51/7019
Luis Lamb,UFRGS,l/LCLamb
Luis Marti Orosa,UFF,46/4895
Luis Penaranda,DCC/UFRJ,162/0135
Luis Valente,UFF,10/2404
Luis Zarate,PUC Minas,05/1768
Luiz Andre Paes Leme,UFF,75/6273
Luiz Augusto Morais,UFPE,246/3239
Luiz Carlos Albini,UFPR,78/5871
Luiz Chaimowicz,UFMG,c/LuizChaimowicz
Luiz Claudio Villar dos Santos,UFSC,121/4418
Luiz Eduardo Buzato,UNICAMP,02/1987
Luiz Eduardo Soares Oliveira,UFPR,o/LuizSOliveira
Luiz Fernando Bittencourt,UNICAMP,76/6740
Luiz Fernando Coletta,UNESP,00/8451
Luiz Filipe Vieira,UFMG,41/3075
Luiz Gonzaga,Unisinos,133/7509
Luiz Gustavo Leao Fernandes,PUC-RS,f/LuizGustavoFernandes
Luiz Henrique Merschmann,UFLA,80/1853
Luiz Henrique de Figueiredo,IMPA,92/7002
Luiz Marcos Goncalves,UFRN,90/6529
Luiz Martins,UFU,53/7538
Luiz Merkle,UTFPR,57/4815
Luiz Satoru Ochi,UFF,o/LuizSatoruOchi
Luiza Mourelle,UERJ,20/999
Magda Bercht,UFRGS,60/11212
Magnos Martinello,UFES,15/1775
Manoel Bezerra Campelo Neto,UFC,65/3124
Manoel Eusebio de Lima,UFPE,63/3816
Manoel Mendonca,UFBA,m/ManoelGMendonca
Manoela Milena Oliveira da Silva,UFPE,140/9463
Manuel Oliveira,UFRGS,o/MMOliveira
Mara Abel,UFRGS,a/MaraAbel
Marcel Kenji de Carli Silva,IME/USP,130/9167
Marcel Oliveira,UFRN,15/2751
Marcela Ribeiro,UFSCar,82/2917
Marcelle Mota,UFPA,182/3135
Marcello Thiry,UNIVALI,78/176
Marcelo Albertini,UFU,61/6050
Marcelo Eduardo Pellenz,PUCPR,12/1494
Marcelo Fantinato,EACH/USP,83/468
Marcelo Finger,IME/USP,50/3312
Marcelo Guimaraes,UNIFESP,94/7698
Marcelo Henriques Carvalho,UFMS,123/7718
Marcelo Ladeira,UnB,40/407
Marcelo Lobosco,UFJF,09/5624
Marcelo Maia,UFU,97/4668
Marcelo Manzato,ICMC/USP,66/6266
Marcelo Marotta,UnB,122/5307
Marcelo Medeiros Eler,EACH/USP,89/6957
Marcelo Morandini,EACH/USP,67/2834
Marcelo Oliveira Johann,UFRGS,j/MarceloOJohann
Marcelo Pimenta,UFRGS,p/MarceloSoaresPimenta
Marcelo Rita Pias,FURG,82/5985
Marcelo Rubinstein,UERJ,00/4946
Marcelo Schots,UERJ,08/9051
Marcelo Walter,UFRGS,79/1265
Marcelo Zanchetta do Nascimento,UFU,22/5828
Marcelo d'Amorim,UFPE,16/608
Marcelo da Silva Reis,UNICAMP,130/1610
Marcelo de Gomensoro Malheiros,FURG,37/4928
Marcia Fampa,COPPE/UFRJ,57/5836
Marcia Fernandes,UFU,88/7436
Marcia Lucena,UFRN,47/3088
Marcia Pasin,UFSM,141/6166
Marcia Rosana Cerioli,DCC/UFRJ,05/4738
Marcia de Borba Campos,PUC-RS,131/8247
Marcio Barros,UNIRIO,36/2479
Marcio Basgalupp,UNIFESP,57/1607
Marcio Castro,UFSC,39/6633
Marcio Cornelio,UFPE,03/3763
Marcio Costa Santos,UFMG,221/4211
Marcio Delamaro,ICMC/USP,84/3153
Marcio Dorn,UFRGS,58/4634
Marcio Pinho,PUC-RS,20/700
Marcio Ribeiro,UFAL,r/MarcioRibeiro
Marco Antonio Casanova,PUC-Rio,c/MarcoACasanova
Marco Antonio Moreira de Carvalho,UFOP,121/4773
Marco Antonio Simoes Teixeira,PUCPR,210/3781
Marco Antonio Zanata Alves,UFPR,47/7939
Marco Aurelio Wehrmeister,UTFPR,60/2173
Marco Cristo,UFAM,c/MarcoCristo
Marco Goldbarg,UFRN,g/MarcoCesarGoldbarg
Marco Graciotto Silva,UTFPR,26/693
Marco Molinaro,PUC-Rio,88/4732
Marco Tulio Valente,UFMG,o/MarcoTuliodeOliveiraValente
Marcone Souza,UFOP,26/4
Marcos Alexandre Silva,UFSM,98/5323
Marcos Andre Goncalves,UFMG,45/1395
Marcos Augusto dos Santos,UFMG,62/10225
Marcos Barreto,UFBA,44/1841
Marcos Bueno,UFU,04/8380
Marcos Chaim,EACH/USP,82/201
Marcos Didonet Del Fabro,UFPR,15/5866
Marcos Fagundes Caetano,UnB,78/7380
Marcos Kalinowski,PUC-Rio,38/3792
Marcos Lage,UFF,46/4560
Marcos Medeiros Raimundo,UNICAMP,214/2368
Marcos Quiles,UNIFESP,70/1985
Marcos Roberto Silva Borges,DCC/UFRJ,99/2500
Marcos Seruffo,UFPA,233/8878
Marcos Sfair Sunye,UFPR,21/3766
Marcos Simplicio Jr,POLI/USP,79/2420
Marcos Vieira,UFMG,11/6979
Marcus Poggi,PUC-Rio,63/4961
Marcus Ritt,UFRGS,86/7006
Maria Andreia Rodrigues,UNIFOR,56/6060
Maria Augusta Netto Nunes,UFS,29/1494
Maria Camila Barioni,UFU,37/2450
Maria Cecilia Baranauskas,UNICAMP,b/MCCBaranauskas
Maria Claudia Boeres,UFES,31/2757
Maria Claudia Emer,UTFPR,46/1237
Maria Clicia Castro,UERJ,27/2301
Maria Cristina Ferreira Oliveira,ICMC/USP,57/1706
Maria Cristina Rangel,UFES,202/5120
Maria Emilia Telles Walter,UnB,84/2668
Maria Graca Campos Pimentel,ICMC/USP,18/2858
Maria Lucia Bento Villela,UFV,135/0836
Maria Nascimento,UNIFESP,94/7230
Maria do Carmo Nicoletti,UFSCar,65/4419
Mariana Kolberg,UFRGS,99/6576
Mariana Recamonde Mendoza,UFRGS,81/9882
Mariano Pimentel,UNIRIO,70/6943
Marilia Mendes,UFC,91/5328
Marilton Aguiar,UFPEL,02/284
Marinho Barcellos,UFRGS,b/MarinhoPBarcellos
Mario Antonio Ribeiro Dantas,UFJF,d/MarioARDantas
Mario Benevides,DCC/UFRJ,29/5198
Mario Fernando Montenegro Campos,UFMG,70/4227
Mario Lemes Proenca,UEL,46/6747
Mario Salvatierra,UFAM,137/6564
Mario Sergio Alvim,UFMG,84/8371
Maristela Holanda,UnB,20/1662
Maristela Santos,ICMC/USP,50/8057
Mariza Bigonha,UFMG,91/739
Mariza Ferro,LNCC,09/10314
Marjory Abreu,UFRN,18/7422
Markus Endler,PUC-Rio,e/MarkusEndler
Marley Vellasco,PUC-Rio,v/MMBRVellasco
Marlo Souza,UFBA,16/11062
Marta Mattoso,COPPE/UFRJ,m/MartaLQueirosMattoso
Martin Gomez Ravetti,UFMG,39/2799
Martin Musicante,UFRN,72/5025
Mateus Grellert,UFRGS,29/9850
Matheus Gaudencio,UFCG,65/9560
Mauricio Ayala Rincon,UnB,56/538
Mauricio Pamplona Segundo,UFBA,85/6254
Mauricio Pilla,UFPEL,06/5321
Mauricio Roberto Veronez,Unisinos,146/3467
Mauro Antonio Rincon,DCC/UFRJ,32/2222
Mauro Fonseca,UTFPR,37/786
Mauro Roisenberg,UFSC,47/1251
Maur√≠cio Escarpinati,UFU,29/5938
Maxwell Guimaraes Oliveira,UFCA,122/4758
Maycon Peixoto,UFBA,94/4865
Mayron Cesar Moreira,UFLA,15/7999
Melina Mongiovi,UFCG,55/10322
Michel Albonico,UTFPR,119/5096
Michel Melo Silva,UFV,185/7877
Michel dos Santos Soares,UFS,34/2037
Michele Nogueira,UFMG,22/4022
Michele Amaral Brandao,UFMG,116/1426
Michelle Wangham,UNIVALI,82/6811
Miguel Campista,COPPE/UFRJ,02/4935
Miguel Castro,UFC,37/3973
Milene Silveira,PUC-RS,38/1199
Milton Brown do Coutto Filho,UFF,184/9663
Mirella Moro,UFMG,m/MirellaMouraMoro
Mitre Costa Dourado,DCC/UFRJ,51/4736
Moacir Ponti,ICMC/USP,69/5836
Moises Ribeiro,UFES,20/1896
Monalessa Barcellos,UFES,97/7540
Monica Magalhaes Pereira,UFRN,94/4881
Murillo Carneiro,UFU,116/9887
Murilo Naldi,UFSCar,07/3376
Murilo Vicente Goncalves da Silva,UFPR,15/376
Myriam Delgado,UTFPR,80/3289
Nabor Mendonca,UNIFOR,79/4708
Nadia Nedjah,UERJ,n/NadiaNedjah
Nalvo Franco de Almeida,UFMS,09/2799
Natasha Valentim,UFPR,135/0795
Nazareno Andrade,UFCG,14/1054
Nelio Cacho,UFRN,39/2172
Nelson Fonseca,UNICAMP,f/NelsonLSdaFonseca
Nelson Maculan,COPPE/UFRJ,94/4688
Nelson Mascarenhas,UFSCar,41/2902
Nelson Neto,UFPA,53/2419-1
Nelson Rosa,UFPE,r/NelsonSoutoRosa
Newton Spolaor,UNIOESTE,48/9358
Ney Calazans,PUC-RS,c/NeyLVCalazans
Nicolas Maillard,UFRGS,58/1754
Nina Hirata,IME/USP,62/2188
Nivan Ferreira,UFPE,96/10398
Nivio Ziviani,UFMG,z/NZiviani
Noemi Rodriguez,PUC-Rio,95/2066
Olga Bellon,UFPR,26/3892
Olga Goussevskaia,UFMG,53/238
Omar Vilela Neto,UFMG,136/2317
Orides Morandin Junior,UFSCar,91/2607
Orlando Lee,UNICAMP,24/3858
Orlando Loques,UFF,37/6173
Otavio Lemos,UNIFESP,80/3784
Otto Carlos Duarte,COPPE/UFRJ,18/2077
Paola Accioly,UFCA,53/7000
Paolo Rech,UFRGS,64/5340
Patricia Della Mea Plentz,UFSC,83/1063
Patricia Jaques,Unisinos,j/PatriciaAugustinJaques
Patricia Machado,UFCG,33/5476
Patricia Matsubara,UFMS,249/1704
Patricia Ribeiro,UNESP,134/9283
Patricia Tedesco,UFPE,99/8925
Patricia Vilain,UFSC,69/3719
Paulo Adeodato,UFPE,15/5054
Paulo Aguiar,DCC/UFRJ,34/4586
Paulo Andre da Silva Goncalves,UFPE,29/3529
Paulo Antonio Leal Rego,UFC,67/10788
Paulo Augusto Veloso,COPPE/UFRJ,98/4297
Paulo Borba,UFPE,b/PauloBorba
Paulo Butzen,FURG,93/5285
Paulo Costa Carvalho,Fiocruz,07/4920
Paulo Cunha,UFPE,c/PauloRFCunha
Paulo Freitas De Araujo Filho,UFPE,223/8310
Paulo Henrique Fernandes,PUC-RS,f/PauloFernandes
Paulo Henrique Pisani,UFABC,30/9527
Paulo Henrique Ribeiro Gabriel,UFU,02/3547
Paulo Licio de Geus,UNICAMP,79/4220
Paulo Lilles Jorge Drews Junior,FURG,76/7747
Paulo Maciel,UFPE,m/PRMartinsMaciel
Paulo Mattos Neto,UFPE,21/8284
Paulo Meirelles,IME/USP,37/5038
Paulo Miranda,IME/USP,21/5570
Paulo Morelato Franca,UNESP,26/3690
Paulo Pires,DCC/UFRJ,69/1904
Paulo Roberto Ferreira Junior,UFPEL,222/3501
Paulo Roberto Oliveira,COPPE/UFRJ,02/9919
Paulo Santos,FEI,33/5229
Paulo Sergio Lopes de Souza,ICMC/USP,96/5652
Pedro Braconnot Velloso,COPPE/UFRJ,03/2074
Pedro Frosi,UFU,25/6464
Pedro Henrique Bugatti,UTFPR,13/4202
Pedro Jussieu de Rezende,UNICAMP,41/3473
Pedro Machado Manhaes de Castro,UFPE,73/7296
Pedro Olmo,UFMG,28/3311
Pedro Santos Neto,UFPI,23/3085
Pedro de Botelho Marcos,FURG,99/7415
Perfilino Junior,UFBA,195/0855
Petrucio Viana,UFF,00/10258
Philippe Navaux,UFRGS,74/1262
Priscila Saito,UFSCar,129/2351
Priscila Solis,UnB,85/5282
Puca Huachi Penna,UFOP,25/11483
Rafael Augusto de Melo,UFBA,200/0755
Rafael Bordini,PUC-RS,b/RafaelHBordini
Rafael Dias Araujo,UFU,123/7849
Rafael Ferreira Mello,UFRPE,205/0582
Rafael Giusti,UFAM,67/1155
Rafael Kunst,Unisinos,92/10324
Rafael Lins,UFPE,44/4611
Rafael Lopes Gomes,UECE,129/0936
Rafael Maiani de Mello,DCC/UFRJ,121/2507
Rafael Melo,UFBA,78/7608
Rafael Pasquini,UFU,70/2771
Rafael Prikladnicki,PUC-RS,39/5605
Rafael Rossi,UFMS,82/10167
Rafael Schouery,UNICAMP,196/0126
Rafael Torchelsen,UFPEL,25/7609
Rafael Vidal Aroca,UFSCar,123/7510
Rafael de Santiago,UFSC,79/8300
Rafael de Sousa Junior,UnB,s/RTdeSousaJ
Raimundo Barreto,UFAM,04/562
Raimundo Macedo,UFBA,m/RJdAMacedo
Raphael Camargo,UFABC,31/4450
Raphael Carlos Machado,INMETRO,83/1163
Raphael Pereira de Oliveira,IFS,75/7435
Raquel Lopes,UFCG,51/3127
Raquel Minardi,UFMG,26/8886
Raquel Prates,UFMG,51/3637
Raul Ceretta Nunes,UFSM,76/5337
Raul Wazlawick,UFSC,71/3416
Rayson Laroca,PUCPR,215/5013
Regina Araujo,UFSCar,10/330
Regina Barwaldt,FURG,193/1032
Regina Braga,UFJF,32/9021
Reginaldo Santos,UFPA,176/1083
Regivan Santiago,UFRN,36/2941
Reinaldo Bianchi,FEI,40/169
Reinaldo Braga,IFCE,36/10735
Renan Cattelan,UFU,73/3186
Renan Maffei,UFRGS,139/3519
Renata Fortes,ICMC/USP,48/6369
Renata Freitas,UFF,88/4243
Renata Galante,UFRGS,37/2418
Renata Guizzardi,UFES,75/5043
Renata Maria de Souza,UFPE,18/6809
Renata Reiser,UFPEL,61/2221
Renata Teles Moreira,UFLA,202/8416
Renata Vieira,PUC-RS,05/465
Renata Wassermann,IME/USP,w/RenataWassermann
Renato Assuncao,UFMG,130/0513
Renato Carmo,UFPR,64/3603
Renato Ferreira,UFMG,f/RACFerreira
Renato Fileto,UFSC,35/2350
Renato Ishii,UFMS,70/4356
Renato Krohling,UFES,15/931
Renato Mariz de Moraes,UFPE,115/6383
Renato Perez Ribas,UFRGS,75/4916
Renato Portugal,LNCC,28/6950
Renato Tinos,FFCLRP/USP,86/3910
Renato Vimieiro,UFMG,02/1965
Rian Gabriel Santos Pinheiro,UFAL,139/1019
Ricardo Cerri,UFSCar,94/7227
Ricardo Custodio,UFSC,95/6830
Ricardo Dahab,UNICAMP,79/6780
Ricardo Fabbri,UERJ,74/6892
Ricardo Ferreira,UFV,12/10030
Ricardo Jacobi,UnB,06/5774
Ricardo Jose Ferrari,UFSCar,163/8283
Ricardo Marcacini,UFMS,69/8767
Ricardo Marroquim,COPPE/UFRJ,41/5501
Ricardo Martins de Abreu Silva,UFPE,33/1137-1
Ricardo Massa Ferreira Lima,UFPE,34/3170
Ricardo Matsumura de Araujo,UFPEL,a/RMdAraujo
Ricardo Prudencio,UFPE,76/1124
Ricardo Reis,UFRGS,r/RAdaLuzReis
Ricardo Rios,UFBA,33/11459
Ricardo Rodrigues Ciferri,UFSCar,58/1079
Ricardo Silveira,UFSC,48/5786
Ricardo Tanscheit,PUC-Rio,58/3416
Ricardo Terra,UFLA,23/5199
Ricardo Torres,UNICAMP,s/RicardodaSilvaTorres
Ricardo de Almeida Falbo,UFES,229/4259
Ricardo de Queiroz,UnB,66/1740
Richard Goncalves,UNICENTRO,53/4018
Rita Suzana Pitangueira Maciel,UFBA,11/2049
Rivalino Matias,UFU,06/6499
Roberta Coelho,UFRN,61/561
Roberto Bigonha,UFMG,67/5401
Roberto Bittencourt,UEFS,75/3180
Roberto Celio Limao de Oliveira,FCT/UFPA,69/3899
Roberto Cesar Junior,IME/USP,c/RobertoMarcondesCesarJunior
Roberto Hexsel,UFPR,80/5741
Roberto Hirata,IME/USP,94/4977
Roberto Ierusalimschy,PUC-Rio,90/4557
Roberto Imbuzeiro Oliveira,IMPA,51/934
Roberto Inoue,UFSCar,28/8719
Roberto Lotufo,FEEC/UNICAMP,42/168
Roberto Pereira,UFPR,233/8441
Roberto Quirino Nascimento,UFPB,31/8725
Roberto Samarone Araujo,UFPA,145/5123
Roberto Souto Barros,UFPE,34/906
Robespierre Pita,UFBA,159/6957
Robson Cordeiro,ICMC/USP,84/5092
Robson do Nascimento Fidalgo,UFPE,09/546
Rodolfo Azevedo,UNICAMP,73/1601
Rodolfo Stoffel Antunes,Unisinos,10/3873
Rodolfo Villaca,UFES,31/1899
Rodrigo Barros,PUC-RS,33/1197
Rodrigo Bonifacio,UnB,21/824
Rodrigo Duran,IFMS,201/4491
Rodrigo Geraldo Ribeiro,UFOP,204/6610
Rodrigo Machado,UFRGS,33/4758
Rodrigo Mello,ICMC/USP,81/6146
Rodrigo Minetto,UTFPR,00/1588
Rodrigo Pereira dos Santos,UNIRIO,57/7989
Rodrigo Righi,Unisinos,33/4917
Rodrigo Sanches Miani,UFU,19/7303
Rodrigo Seabra,UFEI,185/7663
Rodrigo Souza,UFBA,116/6812
Rodrigo Zelir Azzolin,FURG,143/9499
Rodrigo de Bem,FURG,238/2724
Rodrigo de Souza Couto,COPPE/UFRJ,152/6069
Rodrygo Santos,UFMG,36/1247
Roger Granada,PUC-RS,94/473
Rogerio Eduardo Garcia,UNESP,79/2878
Rohit Gheyi,UFCG,10/3240
Ronaldo Correia,UNESP,24/7636
Ronaldo Ferreira,UFMS,63/3999
Ronaldo Prati,UFABC,34/586
Ronaldo dos Santos Mello,UFSC,82/6647
Ronei Moraes,UFPB,38/4949
Ronnie Alves,UFPA,83/953
Rosa Leao,COPPE/UFRJ,l/RosaMMLeao
Rosa Viccari,UFRGS,v/RosaMariaVicari
Rosana Braga,ICMC/USP,07/4304
Rosane Minghim,ICMC/USP,61/4784
Roseclea Medina,UFSM,92/5611
Roseli Francelin Romero,ICMC/USP,46/3833
Rosiane de Freitas,UFAM,47/7842
Rossana Andrade,UFC,61/6138
Routo Terada,IME/USP,t/RoutoTerada
Ruben Interian,UNICAMP,204/1592
Rubisley Lemes,UFBA,53/6909
Rudinei Goularte,ICMC/USP,48/414
Rudini Menezes Sampaio,UFC,39/1114
Ruy Queiroz,UFPE,q/RuyQueiroz
Sabrina Marczak,PUC-RS,05/6533
Salles Viana Gomes de Magalhaes,UFV,87/5124
Sandra Avila,UNICAMP,97/3954
Sandra Fabbri,UFSCar,75/5829
Sandra Sandri,INPE,13/1353
Sandra Venske,UNICENTRO,64/11443
Sandro Rigo,Unisinos,79/2208
Sandro Ronaldo Bezerra Oliveira,UFPA,47/4435
Santiago Valdes Ravelo,UNICAMP,157/6034
Sarita Mazzini Bruschi,ICMC/USP,18/5969
Savio Freire,IFCE,117/6111
Sean Siqueira,UNIRIO,73/4321
Seiji Isotani,ICMC/USP,83/1033
Selan dos Santos,UFRN,85/6331
Sergio Antonio Andrade de Freitas,UnB,24/7722
Sergio Bampi,UFRGS,84/5693
Sergio Campos,UFMG,01/2746
Sergio Lifschitz,PUC-Rio,l/SLifschitz
Sergio Medeiros,UFRN,64/4850
Sergio Soares,UFPE,58/232
Sheila Murgel Veloso,COPPE/UFRJ,93/1467
Sheila Reinehr,PUCPR,05/2483
Siang Song,IME/USP,s/SiangWunSong
Sidney Lucena,UNIRIO,90/3200
Silvana Rossetto,DCC/UFRJ,52/618
Silvia Amelia Bim,UTFPR,131/8176
Silvia Costa Botelho,FURG,43/4171
Silvia Moraes,PUC-RS,98/8160
Silvia Vergilio,UFPR,99/4290
Silvio Guimaraes,PUC Minas,08/3856
Silvio Meira,UFPE,m/SRdeLemosMeira
Simone Bacellar Leal Ferreira,UNIRIO,44/9823
Simone Barbosa,PUC-Rio,b/SDJBarbosa
Simone Cavalheiro,UFPEL,55/10789
Simone Cristiane dos Santos,UFPE,83/2310
Simone Dantas de Souza,UFF,84/5767
Simone Souza,ICMC/USP,35/1622
Simone de Lima Martins,UFF,50/11138
Solange Rezende,ICMC/USP,90/5551
Soraia Musse,PUC-RS,92/5311
Soraia Prietch,UFMT,139/7426
Steffen Lewitzka,UFBA,61/4362
Stenio Fernandes,UFPE,09/6789
Sulamita Klein,DCC/UFRJ,79/3504
Sylvio Barbon Junior,UEL,66/5992
Taciana Pontual Falcao,UFRPE,10/5013
Tania Centeno,UTFPR,48/6670
Tatiana Tavares,UFPEL,89/3496
Tayana Conte,UFAM,48/5
Teobaldo Bulhoes,UFPB,211/6569
Teofilo de Campos,UnB,94/4509
Teresa Ludermir,UFPE,00/6226
Thais Batista,UFRN,b/TVBatista
Thais Castro,UFAM,88/1084
Thais Rocha,UFAPE,166/6879
Thais Webber,UNISC,94/2275
Thales Vieira,UFAL,36/4553
Thelma Colanzi,UEM,84/1707
Thiago Braga Marcilon,UFCA,133/8742
Thiago Noronha,UFMG,43/4309
Thiago Oliveira Santos,UFES,83/9778
Thiago Pardo,ICMC/USP,31/4118
Thiago Porcino,UFF,160/8940
Thiago Silva,UTFPR,42/10062
Thiago da Silveira,UFRGS,141/6127
Thibaut Vidal,PUC-Rio,40/11481
Tiago Almeida,UFSCar,04/2243
Tiago Espinola Ferreira,UFRPE,e/TAEspinolaFerreira
Tiago Ferreto,PUC-RS,78/3004
Tiago Januario,UFBA,38/7837
Tiago Massoni,UFCG,91/4481
Tiago Pereira do Nascimento,UFPB,02/11271
Tiago Primo,UFPEL,34/9982
Tiago da Silva,UNIFESP,78/3343
Ticianne Darin,UFC,202/0821
Toacy Oliveira,COPPE/UFRJ,o/ToacyCavalcantedeOliveira
Tsang Ing Ren,UFPE,98/5344
Tulio Toffolo,UFOP,98/7611
Ueverton Souza,UFF,48/11143
Uira Kulesza,UFRN,78/6010
Umberto Rivieccio,UFRN,18/5028
Vagner Rosa,FURG,69/4328
Valdecir Becker,UFPB,21/9814
Valdinei Freire,EACH/USP,18/527
Valeria Lelli,UFC,09/7656
Valeria Times,UFPE,31/4518
Valmir Barbosa,COPPE/UFRJ,b/ValmirCBarbosa
Valter Camargo,UFSCar,37/1266
Valter Roesler,UFRGS,04/348
Vander Alves,UnB,15/5448
Vanderlei Bonato,ICMC/USP,57/3827
Vanessa Braganholo,UFF,84/2055
Vania Bogorny,UFSC,16/2965
Vania Maria Ponte Vidal,UFC,98/4928
Vania Neris,UFSCar,233/8402
Vaninha Vieira,UFBA,17/535
Vasco Furtado,UNIFOR,17/2960
Vera Lucia Strube de Lima,PUC-RS,94/4959
Vera Werneck,UERJ,13/1668
Veronica Teichrieb,UFPE,12/6264
Vicente Lucena,UFAM,97/4535
Victor Campos,UFC,97/1609
Victor Sobreira,UFU,43/6200
Victor Stroele,UFJF,88/6600
Vinicius Cassol,Unisinos,28/11115
Vinicius Costa de Souza,Unisinos,177/2811
Vinicius Garcia Pinto,FURG,235/7229
Vinicius Garcia,UFPE,g/ViniciusCardosoGarcia
Vinicius Gusmao Pereira de Sa,DCC/UFRJ,74/766
Vinicius Mello,UFBA,77/4080
Vinicius Menezes de Oliveira,FURG,08/2829
Vinicius Petrucci,UFBA,80/2060
Vinicius Santos,UFMG,244/2005
Vinod Rebello,UFF,79/247
Virgilio Almeida,UFMG,a/VirgilioAlmeida
Vitor Estevao Silva Souza,UFES,72/3662
Vivek Nigam,UFPB,26/7042
Viviane Moreira,UFRGS,o/VivianeMoreiraOrengo
Viviane Santos,UFPA,57/8920
Viviane Silva,UFF,72/2728
Vladimir Iorio,UFV,26/6772
Wagner Meira,UFMG,m/WagnerMeiraJr
Wagner Zola,UFPR,162/0882
Waldemar Celes,PUC-Rio,c/WaldemarCelesFilho
Walter Takashi Nakamura,UTFPR,201/2424
Wellington Santos Martins,UFG,120/9618
Wendel Melo,UFU,150/9733
Wesley Nunes Goncalves,UFMS,59/1925
Weverton Cordeiro,UFRGS,96/2183
Wilkerson Andrade,UFCG,64/298
William Schwartz,UFMG,78/6398
Williamson Silva,UNIPAMPA,166/2228
Willian Amorim,UFGD,38/10197
Wilson de Oliveira,UFRPE,68/6342
Windson Viana,UFC,54/4813
Wylliams Santos,UPE,119/7532
Yoshiharu Kohayakawa,IME/USP,48/5131
Yoshiko Wakabayashi,IME/USP,49/4632
Yuri Frota,UFF,20/4128
Yuri Nogueira,UFC,70/3011
Yuska Aguiar,UFPB,135/0853
Zanoni Dias,UNICAMP,93/6090
Zhao Liang,FFCLRP/USP,63/5422-1
Pedro Garcia Freitas,UnB,123/7725
Lucas Nascimento Ferreira,UFV,148/0950
Karina Santos Machado,FURG,31/6394